{
  "Attacker": {
    "inertia": 99704296.4898846,
    "n_clusters": 4
  },
  "Midfielder": {
    "inertia": 285057990.74256545,
    "n_clusters": 4
  },
  "Defender": {
    "inertia": 374649607.49406016,
    "n_clusters": 4
  },
  "Keeper": {
    "inertia": 136551382.07658997,
    "n_clusters": 2
  }
}