{
  "Attacker": {
    "inertia": 77868686.37027752,
    "n_clusters": 4
  },
  "Midfielder": {
    "inertia": 210791401.38221562,
    "n_clusters": 4
  },
  "Defender": {
    "inertia": 241482733.93355346,
    "n_clusters": 4
  },
  "Keeper": {
    "inertia": 112982209.69475777,
    "n_clusters": 2
  }
}