{
  "Attacker": {
    "inertia": 62847287.45438101,
    "n_clusters": 4
  },
  "Midfielder": {
    "inertia": 173321855.0924561,
    "n_clusters": 4
  },
  "Defender": {
    "inertia": 203658321.64995342,
    "n_clusters": 4
  },
  "Keeper": {
    "inertia": 90266303.73246978,
    "n_clusters": 2
  }
}