{
  "Attacker": {
    "inertia": 55788074.92059949,
    "n_clusters": 4
  },
  "Midfielder": {
    "inertia": 187158634.15476042,
    "n_clusters": 4
  },
  "Defender": {
    "inertia": 186975723.67627275,
    "n_clusters": 4
  },
  "Keeper": {
    "inertia": 53133632.21676718,
    "n_clusters": 2
  }
}