{
  "Attacker": {
    "inertia": 87821274.566187,
    "n_clusters": 4
  },
  "Midfielder": {
    "inertia": 265080838.0790531,
    "n_clusters": 4
  },
  "Defender": {
    "inertia": 316435289.7791466,
    "n_clusters": 4
  },
  "Keeper": {
    "inertia": 121375485.76265755,
    "n_clusters": 2
  }
}