{
  "Attacker": {
    "inertia": 77661203.68103081,
    "n_clusters": 4
  },
  "Midfielder": {
    "inertia": 246017073.54596972,
    "n_clusters": 4
  },
  "Defender": {
    "inertia": 423680532.09263813,
    "n_clusters": 4
  },
  "Keeper": {
    "inertia": 101173077.23078816,
    "n_clusters": 2
  }
}