{
  "Attacker": {
    "inertia": 99440186.95062536,
    "n_clusters": 4
  },
  "Midfielder": {
    "inertia": 284388034.27579224,
    "n_clusters": 4
  },
  "Defender": {
    "inertia": 374495836.88903373,
    "n_clusters": 4
  },
  "Keeper": {
    "inertia": 136592268.7763713,
    "n_clusters": 2
  }
}