{
  "Attacker": {
    "inertia": 56611133.093351796,
    "n_clusters": 4
  },
  "Midfielder": {
    "inertia": 192888165.9010803,
    "n_clusters": 4
  },
  "Defender": {
    "inertia": 194129171.6947591,
    "n_clusters": 4
  },
  "Keeper": {
    "inertia": 59600183.52224075,
    "n_clusters": 2
  }
}