{
  "Attacker": {
    "inertia": 57748115.01276515,
    "n_clusters": 4
  },
  "Midfielder": {
    "inertia": 159836868.97227222,
    "n_clusters": 4
  },
  "Defender": {
    "inertia": 188435785.32357973,
    "n_clusters": 4
  },
  "Keeper": {
    "inertia": 50563415.48057721,
    "n_clusters": 2
  }
}