{
  "Attacker": {
    "inertia": 80225694.15443693,
    "n_clusters": 4
  },
  "Midfielder": {
    "inertia": 252888429.8684466,
    "n_clusters": 4
  },
  "Defender": {
    "inertia": 432537535.4091482,
    "n_clusters": 4
  },
  "Keeper": {
    "inertia": 101283931.93982482,
    "n_clusters": 2
  }
}