{
  "Attacker": {
    "inertia": 104486639.8403543,
    "n_clusters": 4
  },
  "Midfielder": {
    "inertia": 289894131.4606332,
    "n_clusters": 4
  },
  "Defender": {
    "inertia": 374623221.67535824,
    "n_clusters": 4
  },
  "Keeper": {
    "inertia": 136199731.83052686,
    "n_clusters": 2
  }
}