{
  "Attacker": {
    "inertia": 47224184.34281492,
    "n_clusters": 4
  },
  "Midfielder": {
    "inertia": 145914471.31533414,
    "n_clusters": 4
  },
  "Defender": {
    "inertia": 152231031.8288237,
    "n_clusters": 4
  },
  "Keeper": {
    "inertia": 44281324.92805452,
    "n_clusters": 2
  }
}