{
  "Attacker": {
    "inertia": 77048410.79431826,
    "n_clusters": 4
  },
  "Midfielder": {
    "inertia": 210828472.03130835,
    "n_clusters": 4
  },
  "Defender": {
    "inertia": 240952988.6780308,
    "n_clusters": 4
  },
  "Keeper": {
    "inertia": 113557944.62170324,
    "n_clusters": 2
  }
}