{
  "Attacker": {
    "inertia": 56610528.63357444,
    "n_clusters": 4
  },
  "Midfielder": {
    "inertia": 192887749.46579143,
    "n_clusters": 4
  },
  "Defender": {
    "inertia": 194129278.00491795,
    "n_clusters": 4
  },
  "Keeper": {
    "inertia": 59600183.52302016,
    "n_clusters": 2
  }
}