{
  "Attacker": {
    "inertia": 100046879.26001963,
    "n_clusters": 4
  },
  "Midfielder": {
    "inertia": 316212387.7299653,
    "n_clusters": 4
  },
  "Defender": {
    "inertia": 361446139.0303527,
    "n_clusters": 4
  },
  "Keeper": {
    "inertia": 130253732.3250541,
    "n_clusters": 2
  }
}