{
  "Attacker": {
    "inertia": 60638481.07101193,
    "n_clusters": 4
  },
  "Midfielder": {
    "inertia": 201552083.4233511,
    "n_clusters": 4
  },
  "Defender": {
    "inertia": 197717006.77409446,
    "n_clusters": 4
  },
  "Keeper": {
    "inertia": 52646684.94440238,
    "n_clusters": 2
  }
}