{
  "Attacker": {
    "inertia": 64809155.67452667,
    "n_clusters": 4
  },
  "Midfielder": {
    "inertia": 208675937.54611006,
    "n_clusters": 4
  },
  "Defender": {
    "inertia": 229550565.22267574,
    "n_clusters": 4
  },
  "Keeper": {
    "inertia": 95971855.8297775,
    "n_clusters": 2
  }
}