{
  "Attacker": {
    "inertia": 79624087.9924494,
    "n_clusters": 4
  },
  "Midfielder": {
    "inertia": 258158840.5134632,
    "n_clusters": 4
  },
  "Defender": {
    "inertia": 275595799.4692105,
    "n_clusters": 4
  },
  "Keeper": {
    "inertia": 117060582.38510121,
    "n_clusters": 2
  }
}