{
  "Attacker": {
    "inertia": 64809155.65755962,
    "n_clusters": 4
  },
  "Midfielder": {
    "inertia": 208675937.5278076,
    "n_clusters": 4
  },
  "Defender": {
    "inertia": 229550565.19758743,
    "n_clusters": 4
  },
  "Keeper": {
    "inertia": 95971855.8297775,
    "n_clusters": 2
  }
}