{
  "Attacker": {
    "inertia": 104442411.86848098,
    "n_clusters": 4
  },
  "Midfielder": {
    "inertia": 289911498.45312774,
    "n_clusters": 4
  },
  "Defender": {
    "inertia": 374538805.7503698,
    "n_clusters": 4
  },
  "Keeper": {
    "inertia": 135451449.0628127,
    "n_clusters": 2
  }
}