{
  "Attacker": {
    "inertia": 65055842.961500674,
    "n_clusters": 4
  },
  "Midfielder": {
    "inertia": 242366493.56810814,
    "n_clusters": 4
  },
  "Defender": {
    "inertia": 237098000.2548216,
    "n_clusters": 4
  },
  "Keeper": {
    "inertia": 96412592.55249177,
    "n_clusters": 2
  }
}