{
  "Attacker": {
    "inertia": 87769920.64803845,
    "n_clusters": 4
  },
  "Midfielder": {
    "inertia": 264944621.92070955,
    "n_clusters": 4
  },
  "Defender": {
    "inertia": 316542596.9829805,
    "n_clusters": 4
  },
  "Keeper": {
    "inertia": 122057162.67136595,
    "n_clusters": 2
  }
}