{
  "Attacker": {
    "inertia": 56569763.31533104,
    "n_clusters": 4
  },
  "Midfielder": {
    "inertia": 192898164.89543253,
    "n_clusters": 4
  },
  "Defender": {
    "inertia": 193725587.95205453,
    "n_clusters": 4
  },
  "Keeper": {
    "inertia": 60091526.35216628,
    "n_clusters": 2
  }
}