{
  "Attacker": {
    "inertia": 56572413.67841525,
    "n_clusters": 4
  },
  "Midfielder": {
    "inertia": 192866942.02208054,
    "n_clusters": 4
  },
  "Defender": {
    "inertia": 193654501.59925163,
    "n_clusters": 4
  },
  "Keeper": {
    "inertia": 59678953.11272372,
    "n_clusters": 2
  }
}