{
  "Attacker": {
    "inertia": 56559891.12797793,
    "n_clusters": 4
  },
  "Midfielder": {
    "inertia": 192901194.03135216,
    "n_clusters": 4
  },
  "Defender": {
    "inertia": 193722459.8018653,
    "n_clusters": 4
  },
  "Keeper": {
    "inertia": 60087615.812711,
    "n_clusters": 2
  }
}