{
  "Attacker": {
    "inertia": 57934734.203465134,
    "n_clusters": 4
  },
  "Midfielder": {
    "inertia": 169940052.2675221,
    "n_clusters": 4
  },
  "Defender": {
    "inertia": 191846991.97255105,
    "n_clusters": 4
  },
  "Keeper": {
    "inertia": 52392189.097130865,
    "n_clusters": 2
  }
}