{
  "Attacker": {
    "inertia": 99553073.99133939,
    "n_clusters": 4
  },
  "Midfielder": {
    "inertia": 316072787.1933594,
    "n_clusters": 4
  },
  "Defender": {
    "inertia": 359792030.83486176,
    "n_clusters": 4
  },
  "Keeper": {
    "inertia": 130648717.68623517,
    "n_clusters": 2
  }
}