{
  "Attacker": {
    "inertia": 79626758.67888132,
    "n_clusters": 4
  },
  "Midfielder": {
    "inertia": 258383174.42413342,
    "n_clusters": 4
  },
  "Defender": {
    "inertia": 275822653.58415735,
    "n_clusters": 4
  },
  "Keeper": {
    "inertia": 116545818.13652901,
    "n_clusters": 2
  }
}